"target","n_celltypes","top_celltypes","top_stages","max_score","mean_score","selectivity","stage_pref","region","drugs","functional_category","target_type","max_phase"
"ANK3",16,"Endo, L6_IT, Sncg, OPC, L5_ET, L6_IT_Car3, L6b, Pax6, L5_6_NP, Astro, L6_CT, L4_IT, Lamp5, Sst_Chodl, Vip, Sst","Early/Late",1.0874139730228e-08,5.59619421992861e-09,"Não seletivo","Both stages","DLPFC",NA,NA,NA,NA
"APOE",1,"Micro-PVM","Early/Late",6.24848971973984e-09,5.64233905323055e-09,"Seletivo","Both stages","DLPFC","LX1001; RO7812653","agonist-like/antagonist-like","Gene Therapy (Expressor); ASO (Silencer)",1
"APP",6,"Sncg, L5_ET, Pax6, L5_6_NP, Lamp5, Oligo","Early",1.06192345595868e-08,6.12542634482786e-09,"Não seletivo","Early only","DLPFC","Buntanetap; Donanemab; Etalanetug + Lecanemab; Gantenerumab; Lecanemab; Remternetug; RG6289 + donanemab; Solanezumab; Trontinemab; Valiltramiprosate; AADvac1 + AAmAb; ACI-24.060; BEY2153; Contraloid acetate; Etalanetug + Lecanemab (Ph2); KarXT + KarX-EC + Lecanemab; RQC; Sabirnetug; SHR-1707; Trontinemab (Ph2); AK152; AS-S603; AV-1959D; AV-1959R; CM383; DDN-A-0101; DUVAX; ION269; Mivelsiran; Phenserine; PMN310","antagonist-like","Translation Inhibitor; Monoclonal Antibody; Inhibitor; Vaccine; Aggregation Inhibitor; ASO (Silencer); RNAi (Silencer)",1
"BIN1",1,"Oligo","Early",3.83380815979869e-09,3.83380815979869e-09,"Seletivo","Early only","DLPFC",NA,NA,NA,NA
"CACNA1C",12,"L4_IT, L6_IT, L6_IT_Car3, L2_3_IT, Pax6, Sst_Chodl, Vip, Lamp5_Lhx6, L5_6_NP, L6_CT, L5_IT, L6b","Early/Late",1.07646821561343e-08,6.38288415958798e-09,"Não seletivo","Both stages","DLPFC","Losartan + Amlodipine","antagonist-like","Blocker",2
"CHRM2",3,"L4_IT, L6b, Sst_Chodl","Late",8.95936322271925e-09,6.34418675930327e-09,"Não seletivo","Late only","DLPFC","KarXT (xanomeline+trospium); KarXT + KarX-EC; KarXT + KarX-EC + Lecanemab; NSC001 + Trospium","antagonist-like","Antagonist",2
"CHRM3",9,"Chandelier, Sncg, Micro-PVM, Lamp5, Vip, L2_3_IT, L5_IT, L6b, Sst_Chodl","Early/Late",1.42230650398391e-08,8.23047731806286e-09,"Não seletivo","Both stages","DLPFC","KarXT (xanomeline+trospium); KarXT + KarX-EC; KarXT + KarX-EC + Lecanemab; NSC001 + Trospium","antagonist-like","Antagonist",2
"CHRM5",1,"VLMC","Early",4.14423013847184e-09,4.14423013847184e-09,"Seletivo","Early only","DLPFC","KarXT (xanomeline+trospium); KarXT + KarX-EC; KarXT + KarX-EC + Lecanemab; NSC001 + Trospium","antagonist-like","Antagonist",2
"CLU",2,"Pax6, L5_IT","Early",4.7187695691358e-09,4.38523452974877e-09,"Seletivo","Early only","DLPFC",NA,NA,NA,NA
"CNR1",3,"Sncg, Pax6, Vip","Early/Late",6.42043695204618e-09,5.43410021813178e-09,"Não seletivo","Both stages","DLPFC","Nabilone; Cannabidiol; IGC-AD1; Cannabidiol (Ph1)","agonist-like","Agonist",1
"COX7C",1,"L5_IT","Late",6.52205782534562e-09,6.52205782534562e-09,"Seletivo","Late only","DLPFC",NA,NA,NA,NA
"CSF1R",1,"Micro-PVM","Early/Late",7.75635442625122e-09,6.5510410527684e-09,"Seletivo","Both stages","DLPFC","Enrupatinib","antagonist-like","Inhibitor",2
"CTSB",1,"Micro-PVM","Early",5.47372331182401e-09,5.47372331182401e-09,"Seletivo","Early only","DLPFC",NA,NA,NA,NA
"DYRK1A",3,"OPC, L5_ET, Lamp5_Lhx6","Early",5.1307155619292e-09,4.80296609586264e-09,"Não seletivo","Early only","DLPFC","Leucettinib-21","antagonist-like","Inhibitor",1
"FYN",3,"Astro, Oligo, OPC","Early/Late",6.32094032949955e-09,5.39635821417584e-09,"Não seletivo","Both stages","DLPFC","Masitinib","antagonist-like","Inhibitor",3
"GABRA2",1,"Pax6","Late",4.55974488038319e-09,4.55974488038319e-09,"Seletivo","Late only","DLPFC","Brexanolone","agonist-like","Modulator",2
"GABRB1",6,"Astro, Sncg, L5_ET, L5_6_NP, Lamp5, L2_3_IT","Early/Late",1.2770599368463e-08,7.21101063193769e-09,"Não seletivo","Both stages","DLPFC","Brexanolone","agonist-like","Modulator",2
"GABRB2",8,"L6_CT, Chandelier, OPC, L5_ET, Vip, L5_IT, L4_IT, Lamp5","Early/Late",8.76743116345494e-09,4.74629014792917e-09,"Não seletivo","Both stages","DLPFC","Brexanolone","agonist-like","Modulator",2
"GABRB3",8,"L4_IT, Sncg, L6_IT_Car3, L2_3_IT, Lamp5, L5_IT, L5_6_NP, Vip","Early/Late",8.12584425009385e-09,5.07354336093697e-09,"Não seletivo","Both stages","DLPFC","Brexanolone","agonist-like","Modulator",2
"GABRG2",1,"Pax6","Early",5.77011863985887e-09,5.77011863985887e-09,"Seletivo","Early only","DLPFC","Brexanolone","agonist-like","Modulator",2
"GABRG3",6,"L6_IT_Car3, L5_6_NP, Vip, Chandelier, Lamp5, Sst","Early/Late",2.06580237078956e-08,7.86670771777576e-09,"Não seletivo","Both stages","DLPFC","Brexanolone","agonist-like","Modulator",2
"GRIN1",13,"L6_CT, Endo, Sncg, L5_ET, L6_IT_Car3, L2_3_IT, Pax6, Lamp5, Vip, Pvalb, Lamp5_Lhx6, L5_IT, Sst_Chodl","Early/Late",7.53449127774786e-09,5.51019992514259e-09,"Não seletivo","Both stages","DLPFC","DAOIB + AO; Memantine; Xenon","agonist-like/antagonist-like","Enhancer; Antagonist; Modulator",1
"GRIN2A",9,"L6_IT, Sst, L5_ET, L6b, Lamp5, Vip, Lamp5_Lhx6, L4_IT, Sncg","Early/Late",2.13442810831684e-08,7.75290739547413e-09,"Não seletivo","Both stages","DLPFC","DAOIB + AO; Memantine","agonist-like/antagonist-like","Enhancer; Antagonist",2
"GRIN2B",8,"Chandelier, L6_IT, Sst, L5_ET, L5_6_NP, L6_IT_Car3, Lamp5, Vip","Early/Late",9.02959942211801e-09,5.08301957644967e-09,"Não seletivo","Both stages","DLPFC","DAOIB + AO; Memantine; BnH-015B","agonist-like/antagonist-like","Enhancer; Antagonist; Modulator",1
"HS3ST5",5,"Sncg, Pax6, Lamp5, L6b, Oligo","Early/Late",6.76133209100882e-09,4.81691304906871e-09,"Não seletivo","Both stages","DLPFC",NA,NA,NA,NA
"HSD11B1",1,"VLMC","Late",4.66080756073312e-09,4.66080756073312e-09,"Seletivo","Late only","DLPFC","Emestedastat","antagonist-like","Inhibitor",2
"HTR2C",1,"L5_6_NP","Early",4.37804885641711e-09,4.37804885641711e-09,"Seletivo","Early only","DLPFC","Trazodone; LY03017","antagonist-like","Antagonist",1
"INPP5D",1,"Micro-PVM","Early",4.78781116470079e-09,4.78781116470079e-09,"Seletivo","Early only","DLPFC",NA,NA,NA,NA
"JAK1",1,"VLMC","Early",5.34436090097759e-09,5.34436090097759e-09,"Seletivo","Early only","DLPFC","Baricitinib","antagonist-like","Inhibitor",2
"JAK2",1,"Sst","Early",4.03748283839379e-09,4.03748283839379e-09,"Seletivo","Early only","DLPFC","Baricitinib","antagonist-like","Inhibitor",2
"JAZF1",3,"Sst, L5_ET, Pax6","Early/Late",6.22891322693885e-09,4.61553413919598e-09,"Não seletivo","Both stages","DLPFC",NA,NA,NA,NA
"KIT",2,"Lamp5, L5_6_NP","Early/Late",9.80789004121832e-09,6.18664394472806e-09,"Seletivo","Both stages","DLPFC","Masitinib; Nilotinib; Dasatinib + Quercetin","antagonist-like","Inhibitor",2
"MAF",2,"Sst, Lamp5_Lhx6","Early/Late",4.02400146488271e-09,3.9714219783529e-09,"Seletivo","Both stages","DLPFC",NA,NA,NA,NA
"MAPT",3,"L2_3_IT, Oligo, L6_IT_Car3","Early/Late",5.23739055916486e-09,4.47185277257442e-09,"Não seletivo","Both stages","DLPFC","Buntanetap; Etalanetug + Lecanemab; AADvac1; AADvac1 + AAmAb; ARO-MAPT; BEY2153; BIIB080; BMS-986446; Etalanetug + Lecanemab (Ph2); JNJ-64042056; MK-2214; Posdinemab; VY7523; ADEL-Y01; ALN-5288; AS-S603; AV-1980R; BIIB080 (Ph1); DUVAX; NIO752; OLX-07010","antagonist-like","Translation Inhibitor; Monoclonal Antibody; Vaccine; RNAi (Silencer); Inhibitor; ASO (Silencer); Aggregation Inhibitor",1
"MGLL",3,"Sncg, OPC, Lamp5_Lhx6","Early",4.89421839769165e-09,4.5226495922802e-09,"Não seletivo","Early only","DLPFC","BMS-986368","antagonist-like","Inhibitor",2
"NR3C1",2,"Pax6, Vip","Early",4.34918231456162e-09,4.21038469164119e-09,"Seletivo","Early only","DLPFC","CORT108297","antagonist-like","Antagonist",2
"PDE5A",10,"L6_CT, L4_IT, L6_IT, L6_IT_Car3, L5_6_NP, Lamp5_Lhx6, L5_IT, L2_3_IT, L6b, Pvalb","Early/Late",1.46780147580221e-08,6.9296965005681e-09,"Não seletivo","Both stages","DLPFC","AR1001; Tadalafil","antagonist-like","Inhibitor",2
"PLCG2",7,"L4_IT, Endo, Sncg, L5_ET, Micro-PVM, Pax6, Oligo","Early/Late",1.88412922627826e-08,7.98619994422393e-09,"Não seletivo","Both stages","DLPFC",NA,NA,NA,NA
"PRKD3",1,"L6_IT_Car3","Early",3.84062667391738e-09,3.84062667391738e-09,"Seletivo","Early only","DLPFC",NA,NA,NA,NA
"RASGEF1C",1,"L4_IT","Late",4.36778490077787e-09,4.36778490077787e-09,"Seletivo","Late only","DLPFC",NA,NA,NA,NA
"ROCK1",1,"Pax6","Early",4.01686837215192e-09,4.01686837215192e-09,"Seletivo","Early only","DLPFC","Fasudil","antagonist-like","Inhibitor",2
"ROCK2",2,"Sncg, L2_3_IT","Early",4.11220955017307e-09,4.08077216904291e-09,"Seletivo","Early only","DLPFC","Fasudil","antagonist-like","Inhibitor",2
"SEPTIN7",1,"Oligo","Early/Late",8.94679302827422e-09,7.10905052935436e-09,"Seletivo","Both stages","DLPFC","REM0045392","agonist-like","Modulator",1
"SLC24A4",2,"Sst, Astro","Early/Late",9.28847476738558e-09,6.27241689958527e-09,"Seletivo","Both stages","DLPFC",NA,NA,NA,NA
"SORL1",3,"Chandelier, L5_IT, Micro-PVM","Early/Late",5.83046412051087e-09,4.58914460554011e-09,"Não seletivo","Both stages","DLPFC",NA,NA,NA,NA
"SORT1",1,"Oligo","Late",6.03137203287171e-09,6.03137203287171e-09,"Seletivo","Late only","DLPFC","AL101","antagonist-like","Monoclonal Antibody",2
