"target","n_celltypes","top_celltypes","n_stages","top_stages","max_score","mean_score","selectivity","stage_pref","region"
"ABL1",1,"VLMC",1,"Late",3.94574972024577e-09,3.94574972024577e-09,"Seletivo","Late only","MTG"
"ADAMTS1",1,"VLMC",1,"Late",2.76120780917219e-09,2.76120780917219e-09,"Seletivo","Late only","MTG"
"ANK3",11,"Sst, L6_IT, L5_6_NP, Pax6, Oligodendrocyte, Vip, Lamp5, L6_CT, L4_IT, L5_ET, L6b",2,"Early/Late",7.6787786890926e-09,4.52288425652291e-09,"Não seletivo","Both stages","MTG"
"ANKH",1,"VLMC",1,"Early",3.19566389957956e-09,3.19566389957956e-09,"Seletivo","Early only","MTG"
"APOE",1,"Microglia-PVM",1,"Late",5.41105495477737e-09,5.41105495477737e-09,"Seletivo","Late only","MTG"
"BIN1",1,"Oligodendrocyte",1,"Early",4.31047441807049e-09,4.31047441807049e-09,"Seletivo","Early only","MTG"
"CACNA1C",12,"Lamp5_Lhx6, L6_CT, L6_IT_Car3, L4_IT, VLMC, Vip, Sncg, L2_3_IT, L5_IT, L5_6_NP, Sst_Chodl, L6b",2,"Early/Late",1.00933822903765e-08,5.49336828600602e-09,"Não seletivo","Both stages","MTG"
"CHRM2",4,"L6_IT_Car3, Pvalb, L4_IT, Sst_Chodl",2,"Early/Late",1.4335005905081e-08,7.89753840679989e-09,"Não seletivo","Both stages","MTG"
"CHRM3",15,"L6b, L2_3_IT, Sst, L6_CT, Chandelier, L6_IT_Car3, L4_IT, L5_IT, Vip, Sncg, Lamp5, Pax6, L6_IT, L5_ET, Sst_Chodl",2,"Early/Late",2.47193767994176e-08,8.18271862334346e-09,"Não seletivo","Both stages","MTG"
"CLU",5,"Astrocyte, L6_IT, Pvalb, OPC, L5_ET",2,"Early/Late",1.03423773502319e-08,4.39151839918033e-09,"Não seletivo","Both stages","MTG"
"CNR1",2,"Pax6, Sncg",2,"Early/Late",7.12325356526713e-09,4.70723092223554e-09,"Seletivo","Both stages","MTG"
"COX7C",2,"L6_IT, L5_ET",1,"Late",4.23994441198166e-09,3.47253013153003e-09,"Seletivo","Late only","MTG"
"CSF1R",1,"Microglia-PVM",1,"Early",3.05362348295026e-09,3.05362348295026e-09,"Seletivo","Early only","MTG"
"CTSB",2,"Microglia-PVM, VLMC",1,"Early",3.27287404463557e-09,3.1033382596064e-09,"Seletivo","Early only","MTG"
"DYRK1A",1,"VLMC",1,"Early",4.30292867604887e-09,4.30292867604887e-09,"Seletivo","Early only","MTG"
"FYN",1,"Microglia-PVM",2,"Early/Late",4.98477254779914e-09,4.95204195609326e-09,"Seletivo","Both stages","MTG"
"GABRB1",5,"Lamp5_Lhx6, L6_IT_Car3, L5_6_NP, Pax6, Sncg",2,"Early/Late",8.01295335145414e-09,4.5133965576362e-09,"Não seletivo","Both stages","MTG"
"GABRB2",7,"Lamp5_Lhx6, L6_CT, L5_IT, Sncg, Pvalb, L5_6_NP, VLMC",2,"Early/Late",8.18851249880873e-09,4.41407217581961e-09,"Não seletivo","Both stages","MTG"
"GABRB3",2,"L6_IT_Car3, L5_6_NP",1,"Late",3.85601742437277e-09,3.82043157130541e-09,"Seletivo","Late only","MTG"
"GABRG2",1,"L2_3_IT",1,"Early",3.39863316642387e-09,3.39863316642387e-09,"Seletivo","Early only","MTG"
"GABRG3",5,"Chandelier, L5_IT, L5_6_NP, Sst, Pvalb",2,"Early/Late",1.36693198472408e-08,5.78872378197941e-09,"Não seletivo","Both stages","MTG"
"GRIN1",12,"L6b, L2_3_IT, Sst, L6_IT, Lamp5_Lhx6, L6_CT, L6_IT_Car3, L5_6_NP, Pax6, L5_IT, Pvalb, Vip",2,"Early/Late",9.8509706770491e-09,4.82630607800259e-09,"Não seletivo","Both stages","MTG"
"GRIN2A",12,"L6b, Sst, L6_IT, Chandelier, Pax6, Lamp5, L5_6_NP, L6_CT, L4_IT, L5_ET, Sst_Chodl, Pvalb",2,"Early/Late",3.73486170277078e-08,8.20475629850929e-09,"Não seletivo","Both stages","MTG"
"GRIN2B",2,"L5_6_NP, Sst",1,"Late",3.74913005786493e-09,3.58449253515396e-09,"Seletivo","Late only","MTG"
"HS3ST5",4,"L6b, Lamp5, L6_IT, Oligodendrocyte",2,"Early/Late",1.16904393841079e-08,5.00996637254839e-09,"Não seletivo","Both stages","MTG"
"HTR2A",1,"L5_ET",1,"Late",4.22718819617457e-09,4.22718819617457e-09,"Seletivo","Late only","MTG"
"HTR2C",4,"L6_IT_Car3, L5_6_NP, L6_CT, L5_ET",2,"Early/Late",6.53443067287642e-09,4.37469612966087e-09,"Não seletivo","Both stages","MTG"
"INPP5D",1,"VLMC",1,"Early",3.00044147646894e-09,3.00044147646894e-09,"Seletivo","Early only","MTG"
"JAK2",1,"VLMC",1,"Early",2.75565498050935e-09,2.75565498050935e-09,"Seletivo","Early only","MTG"
"JAZF1",3,"Microglia-PVM, L5_6_NP, Chandelier",2,"Early/Late",3.19123851920951e-09,2.91806899682058e-09,"Não seletivo","Both stages","MTG"
"KIT",1,"Lamp5",2,"Early/Late",4.57821854655159e-09,4.52569456967778e-09,"Seletivo","Both stages","MTG"
"MAF",1,"Lamp5",1,"Early",3.12246080492007e-09,3.12246080492007e-09,"Seletivo","Early only","MTG"
"MAPT",4,"Sst, Chandelier, Sncg, L6b",2,"Early/Late",3.46282569610313e-09,3.16952490367739e-09,"Não seletivo","Both stages","MTG"
"MGLL",1,"VLMC",1,"Early",4.4108009968585e-09,4.4108009968585e-09,"Seletivo","Early only","MTG"
"MME",1,"L4_IT",1,"Late",1.00445064261248e-08,1.00445064261248e-08,"Seletivo","Late only","MTG"
"NCK2",1,"Microglia-PVM",1,"Early",4.15119699205864e-09,4.15119699205864e-09,"Seletivo","Early only","MTG"
"PDE5A",8,"L6_IT, L6_CT, L5_6_NP, Pvalb, L6_IT_Car3, L2_3_IT, L5_IT, L5_ET",2,"Early/Late",1.244744452564e-08,5.35562282279292e-09,"Não seletivo","Both stages","MTG"
"PLCG2",15,"L6_IT_Car3, Lamp5_Lhx6, Oligodendrocyte, VLMC, L6_CT, Sncg, L6b, L6_IT, Lamp5, Pax6, Astrocyte, L5_IT, L5_6_NP, Chandelier, L2_3_IT",2,"Early/Late",1.30594235726249e-08,5.62228548920981e-09,"Não seletivo","Both stages","MTG"
"ROCK2",2,"VLMC, Sncg",2,"Early/Late",3.79565217244734e-09,3.29153324712738e-09,"Seletivo","Both stages","MTG"
"SEPTIN7",2,"Oligodendrocyte, VLMC",1,"Late",4.02556203327554e-09,3.99673669847513e-09,"Seletivo","Late only","MTG"
"SLC24A4",2,"Astrocyte, Sst",2,"Early/Late",5.78964018751286e-09,4.04296968096584e-09,"Seletivo","Both stages","MTG"
"SORL1",1,"Microglia-PVM",1,"Late",3.64810660324708e-09,3.64810660324708e-09,"Seletivo","Late only","MTG"
"SORT1",2,"Oligodendrocyte, VLMC",1,"Late",4.88614221286515e-09,3.81251449381373e-09,"Seletivo","Late only","MTG"
